지역,벚나무,왕벚나무,은행나무,느티나무,메타세쿼이어,양버즘나무,단풍나무,중국단풍,백합나무,배롱나무,이팝나무,곰솔,무궁화,2019년 가로수 조성 현황(종),월,해면기압 평균(hPa),해면기압 표준편차(hPa),평균기온 평균(℃),평균기온 표준편차(℃),최고기온 평균(℃),최저기온 평균(℃),강수량 합계(㎜),강수량 표준편차(㎜),강수량 계속시간(시간),상대습도 평균(%),증기압 평균(hPa),증기압 표준편차(hPa),일조시간 합계(시간),수평면일사량 합계(MJ/㎡)
서울특별시,48766.0,32641.0,109784.0,35880.0,5316.0,64007.0,1522.0,1049.0,956.0,2743.0,16460.0,2742.6666666666665,2295.0,1.0,1.0,1025.5,1.1,-2.3,2.4,1.9,-6.0,14.7,17.3,39.5,52.2,3.1,0.5,193.9,243.1
서울특별시,48766.0,32641.0,109784.0,35880.0,5316.0,64007.0,1522.0,1049.0,956.0,2743.0,16460.0,2742.6666666666665,2295.0,1.0,2.0,1024.0,1.1,0.3,1.5,5.1,-3.7,30.8,21.8,51.6,51.9,3.5,0.6,189.8,300.3
서울특별시,48766.0,32641.0,109784.0,35880.0,5316.0,64007.0,1522.0,1049.0,956.0,2743.0,16460.0,2742.6666666666665,2295.0,1.0,3.0,1019.6,1.6,6.4,1.4,11.8,2.0,24.7,16.3,42.5,51.4,5.0,0.9,235.9,442.5
서울특별시,48766.0,32641.0,109784.0,35880.0,5316.0,64007.0,1522.0,1049.0,956.0,2743.0,16460.0,2742.6666666666665,2295.0,1.0,4.0,1014.7,1.7,12.5,1.5,18.0,7.8,78.3,43.7,76.5,54.0,7.6,0.9,226.5,491.0
서울특별시,48766.0,32641.0,109784.0,35880.0,5316.0,64007.0,1522.0,1049.0,956.0,2743.0,16460.0,2742.6666666666665,2295.0,1.0,5.0,1010.9,0.8,18.8,0.7,24.5,13.9,83.4,70.6,66.4,56.0,11.7,1.1,256.9,589.5
서울특별시,48766.0,32641.0,109784.0,35880.0,5316.0,64007.0,1522.0,1049.0,956.0,2743.0,16460.0,2742.6666666666665,2295.0,1.0,6.0,1007.0,0.7,23.4,0.7,28.5,19.3,122.8,107.1,69.6,62.4,17.4,1.5,226.3,545.9
서울특별시,48766.0,32641.0,109784.0,35880.0,5316.0,64007.0,1522.0,1049.0,956.0,2743.0,16460.0,2742.6666666666665,2295.0,1.0,7.0,1006.6,1.0,25.8,1.1,29.6,22.9,432.0,302.9,148.0,74.0,24.2,1.3,145.6,394.1
서울특별시,48766.0,32641.0,109784.0,35880.0,5316.0,64007.0,1522.0,1049.0,956.0,2743.0,16460.0,2742.6666666666665,2295.0,1.0,8.0,1007.4,0.9,26.9,1.1,30.8,23.7,245.9,189.5,105.3,71.2,24.7,1.7,177.7,416.0
서울특별시,48766.0,32641.0,109784.0,35880.0,5316.0,64007.0,1522.0,1049.0,956.0,2743.0,16460.0,2742.6666666666665,2295.0,1.0,9.0,1013.4,0.9,22.0,0.6,26.7,18.0,94.8,69.0,61.1,63.4,16.5,1.3,202.6,414.8
서울특별시,48766.0,32641.0,109784.0,35880.0,5316.0,64007.0,1522.0,1049.0,956.0,2743.0,16460.0,2742.6666666666665,2295.0,1.0,10.0,1019.5,1.0,15.3,1.1,20.7,10.6,55.6,38.6,39.1,59.6,10.4,1.0,230.4,359.4
서울특별시,48766.0,32641.0,109784.0,35880.0,5316.0,64007.0,1522.0,1049.0,956.0,2743.0,16460.0,2742.6666666666665,2295.0,1.0,11.0,1022.5,1.7,7.6,1.6,12.2,3.7,65.2,31.4,65.5,59.8,6.7,1.2,169.1,229.2
서울특별시,48766.0,32641.0,109784.0,35880.0,5316.0,64007.0,1522.0,1049.0,956.0,2743.0,16460.0,2742.6666666666665,2295.0,1.0,12.0,1025.6,1.7,-0.7,1.9,3.5,-4.4,26.0,16.8,54.1,55.9,3.6,0.5,185.7,217.5
부산광역시,288.0,50364.0,34843.0,22603.0,3375.0,7934.0,359.0,2232.0,1002.0,2755.3333333333335,13724.0,4020.0,10875.0,2.0,1.0,1023.1,0.9,3.4,2.0,8.2,-0.3,35.5,37.7,36.5,44.9,3.9,0.9,225.8,315.0
부산광역시,288.0,50364.0,34843.0,22603.0,3375.0,7934.0,359.0,2232.0,1002.0,2755.3333333333335,13724.0,4020.0,10875.0,2.0,2.0,1022.1,1.0,5.3,1.3,10.1,1.4,51.1,21.4,47.2,49.9,4.8,0.8,196.5,342.1
부산광역시,288.0,50364.0,34843.0,22603.0,3375.0,7934.0,359.0,2232.0,1002.0,2755.3333333333335,13724.0,4020.0,10875.0,2.0,3.0,1018.8,1.6,9.5,1.0,14.1,5.6,102.2,58.6,66.4,55.3,6.8,1.0,230.7,474.4
부산광역시,288.0,50364.0,34843.0,22603.0,3375.0,7934.0,359.0,2232.0,1002.0,2755.3333333333335,13724.0,4020.0,10875.0,2.0,4.0,1014.8,1.4,13.9,0.9,18.1,10.3,149.4,61.2,75.9,59.9,9.6,1.3,225.5,527.0
부산광역시,288.0,50364.0,34843.0,22603.0,3375.0,7934.0,359.0,2232.0,1002.0,2755.3333333333335,13724.0,4020.0,10875.0,2.0,5.0,1011.6,0.8,18.5,0.7,22.7,15.3,121.2,58.8,61.3,65.7,13.9,0.9,254.6,601.8
부산광역시,288.0,50364.0,34843.0,22603.0,3375.0,7934.0,359.0,2232.0,1002.0,2755.3333333333335,13724.0,4020.0,10875.0,2.0,6.0,1007.9,0.8,21.5,0.4,25.2,19.0,170.1,111.6,71.6,75.7,19.4,1.0,191.6,540.2
부산광역시,288.0,50364.0,34843.0,22603.0,3375.0,7934.0,359.0,2232.0,1002.0,2755.3333333333335,13724.0,4020.0,10875.0,2.0,7.0,1007.8,0.7,25.0,1.3,28.1,22.7,303.6,217.6,89.7,81.7,25.7,1.3,198.6,514.3
부산광역시,288.0,50364.0,34843.0,22603.0,3375.0,7934.0,359.0,2232.0,1002.0,2755.3333333333335,13724.0,4020.0,10875.0,2.0,8.0,1008.0,1.2,26.8,1.2,30.2,24.3,214.8,173.1,70.2,76.3,26.7,1.3,219.3,524.3
부산광역시,288.0,50364.0,34843.0,22603.0,3375.0,7934.0,359.0,2232.0,1002.0,2755.3333333333335,13724.0,4020.0,10875.0,2.0,9.0,1012.9,1.2,22.6,0.6,26.4,19.9,230.5,129.4,78.6,72.6,19.9,1.7,186.1,405.8
부산광역시,288.0,50364.0,34843.0,22603.0,3375.0,7934.0,359.0,2232.0,1002.0,2755.3333333333335,13724.0,4020.0,10875.0,2.0,10.0,1018.3,0.6,17.9,0.7,22.4,14.6,121.5,47.8,47.1,62.5,13.0,1.6,222.7,398.2
부산광역시,288.0,50364.0,34843.0,22603.0,3375.0,7934.0,359.0,2232.0,1002.0,2755.3333333333335,13724.0,4020.0,10875.0,2.0,11.0,1021.2,1.5,12.2,1.2,16.9,8.7,65.3,44.7,37.8,57.1,8.6,1.7,200.3,297.5
부산광역시,288.0,50364.0,34843.0,22603.0,3375.0,7934.0,359.0,2232.0,1002.0,2755.3333333333335,13724.0,4020.0,10875.0,2.0,12.0,1023.4,1.4,5.2,1.7,9.8,1.4,48.9,50.4,33.1,48.1,4.7,1.1,216.3,288.0
대구광역시,346.0,27084.0,52015.0,46649.0,2531.0,30029.0,6176.0,8854.0,2460.0,5973.0,23759.0,3260.3333333333335,518.0,1.0,1.0,1025.4,0.6,1.2,1.9,5.9,-2.9,17.4,20.1,24.4,46.6,3.2,0.7,220.7,323.2
대구광역시,346.0,27084.0,52015.0,46649.0,2531.0,30029.0,6176.0,8854.0,2460.0,5973.0,23759.0,3260.3333333333335,518.0,1.0,2.0,1023.5,1.6,3.6,1.3,8.6,-1.0,25.9,17.5,23.1,48.9,4.0,0.7,178.5,339.2
대구광역시,346.0,27084.0,52015.0,46649.0,2531.0,30029.0,6176.0,8854.0,2460.0,5973.0,23759.0,3260.3333333333335,518.0,1.0,3.0,1019.9,1.5,9.1,1.0,14.9,3.8,57.7,35.5,36.4,44.4,5.1,1.1,246.7,523.2
대구광역시,346.0,27084.0,52015.0,46649.0,2531.0,30029.0,6176.0,8854.0,2460.0,5973.0,23759.0,3260.3333333333335,518.0,1.0,4.0,1015.3,1.8,14.5,1.3,20.5,9.1,87.0,34.4,46.6,50.2,7.8,1.3,221.2,543.3
대구광역시,346.0,27084.0,52015.0,46649.0,2531.0,30029.0,6176.0,8854.0,2460.0,5973.0,23759.0,3260.3333333333335,518.0,1.0,5.0,1011.5,0.9,20.5,0.9,26.7,14.9,59.3,40.1,32.5,51.2,11.5,0.7,259.8,672.6
대구광역시,346.0,27084.0,52015.0,46649.0,2531.0,30029.0,6176.0,8854.0,2460.0,5973.0,23759.0,3260.3333333333335,518.0,1.0,6.0,1008.2,0.8,23.9,0.6,29.3,19.4,101.1,53.6,43.7,63.3,18.0,1.0,163.7,499.9
대구광역시,346.0,27084.0,52015.0,46649.0,2531.0,30029.0,6176.0,8854.0,2460.0,5973.0,23759.0,3260.3333333333335,518.0,1.0,7.0,1007.3,0.6,27.0,1.7,31.5,23.3,222.4,105.8,67.3,69.0,24.6,0.9,182.7,543.0
대구광역시,346.0,27084.0,52015.0,46649.0,2531.0,30029.0,6176.0,8854.0,2460.0,5973.0,23759.0,3260.3333333333335,518.0,1.0,8.0,1009.1,1.0,27.5,1.4,32.3,23.7,249.1,105.9,65.9,73.3,25.4,1.0,165.1,473.9
대구광역시,346.0,27084.0,52015.0,46649.0,2531.0,30029.0,6176.0,8854.0,2460.0,5973.0,23759.0,3260.3333333333335,518.0,1.0,9.0,1014.3,1.1,22.2,0.6,27.1,18.2,147.4,87.5,57.5,66.7,17.8,0.4,190.8,456.4
대구광역시,346.0,27084.0,52015.0,46649.0,2531.0,30029.0,6176.0,8854.0,2460.0,5973.0,23759.0,3260.3333333333335,518.0,1.0,10.0,1020.1,0.8,16.4,0.8,21.9,11.7,88.8,53.2,24.8,61.0,11.1,1.4,229.1,416.2
대구광역시,346.0,27084.0,52015.0,46649.0,2531.0,30029.0,6176.0,8854.0,2460.0,5973.0,23759.0,3260.3333333333335,518.0,1.0,11.0,1021.5,1.6,9.9,1.2,15.0,5.5,32.8,25.2,21.1,57.1,7.3,1.7,190.0,299.2
대구광역시,346.0,27084.0,52015.0,46649.0,2531.0,30029.0,6176.0,8854.0,2460.0,5973.0,23759.0,3260.3333333333335,518.0,1.0,12.0,1024.5,2.1,2.6,1.7,7.2,-1.4,21.2,16.7,20.1,49.6,3.6,0.3,194.0,273.1
인천광역시,5231.0,30288.0,45577.0,39212.0,14570.0,16338.0,930.0,10277.0,6640.0,41.0,24215.0,5340.0,700.0,1.0,1.0,1025.6,1.2,-1.7,2.1,1.7,-4.8,13.2,14.8,37.5,61.7,3.6,0.7,201.1,247.2
인천광역시,5231.0,30288.0,45577.0,39212.0,14570.0,16338.0,930.0,10277.0,6640.0,41.0,24215.0,5340.0,700.0,1.0,2.0,1024.1,1.0,0.4,1.4,4.3,-2.9,30.4,19.5,48.6,62.4,4.2,0.8,198.2,296.8
인천광역시,5231.0,30288.0,45577.0,39212.0,14570.0,16338.0,930.0,10277.0,6640.0,41.0,24215.0,5340.0,700.0,1.0,3.0,1019.8,1.7,5.9,1.1,10.1,2.4,26.2,21.9,35.2,65.1,6.2,0.9,240.4,451.7
인천광역시,5231.0,30288.0,45577.0,39212.0,14570.0,16338.0,930.0,10277.0,6640.0,41.0,24215.0,5340.0,700.0,1.0,4.0,1014.9,1.7,11.4,1.3,15.7,8.0,68.7,36.2,70.6,67.0,9.0,1.2,226.7,497.2
인천광역시,5231.0,30288.0,45577.0,39212.0,14570.0,16338.0,930.0,10277.0,6640.0,41.0,24215.0,5340.0,700.0,1.0,5.0,1011.1,0.7,17.2,0.7,21.6,13.6,75.2,54.8,60.6,70.5,13.5,1.2,259.2,592.0
인천광역시,5231.0,30288.0,45577.0,39212.0,14570.0,16338.0,930.0,10277.0,6640.0,41.0,24215.0,5340.0,700.0,1.0,6.0,1007.2,0.7,21.7,0.8,25.7,18.5,92.4,83.5,63.6,78.9,20.2,2.0,242.0,571.5
인천광역시,5231.0,30288.0,45577.0,39212.0,14570.0,16338.0,930.0,10277.0,6640.0,41.0,24215.0,5340.0,700.0,1.0,7.0,1006.6,1.1,24.8,1.0,27.8,22.4,353.2,214.0,132.4,87.1,27.0,2.3,171.9,453.0
인천광역시,5231.0,30288.0,45577.0,39212.0,14570.0,16338.0,930.0,10277.0,6640.0,41.0,24215.0,5340.0,700.0,1.0,8.0,1007.4,0.9,26.3,1.1,29.4,23.8,198.4,142.1,87.2,83.1,28.2,2.5,204.7,462.3
인천광역시,5231.0,30288.0,45577.0,39212.0,14570.0,16338.0,930.0,10277.0,6640.0,41.0,24215.0,5340.0,700.0,1.0,9.0,1013.4,0.9,21.9,0.6,25.5,18.7,99.8,83.1,57.2,73.7,19.4,2.3,211.7,411.0
인천광역시,5231.0,30288.0,45577.0,39212.0,14570.0,16338.0,930.0,10277.0,6640.0,41.0,24215.0,5340.0,700.0,1.0,10.0,1019.6,0.9,15.6,0.9,19.5,11.9,51.1,38.4,37.4,67.8,12.3,1.9,234.9,348.5
인천광역시,5231.0,30288.0,45577.0,39212.0,14570.0,16338.0,930.0,10277.0,6640.0,41.0,24215.0,5340.0,700.0,1.0,11.0,1022.4,1.7,8.1,1.7,11.7,4.8,64.8,28.3,66.2,67.4,7.8,1.4,177.5,229.8
인천광역시,5231.0,30288.0,45577.0,39212.0,14570.0,16338.0,930.0,10277.0,6640.0,41.0,24215.0,5340.0,700.0,1.0,12.0,1025.6,1.7,0.0,2.0,3.4,-3.2,29.3,19.0,53.8,63.7,4.2,0.7,192.6,215.8
광주광역시,1095.0,2394.0,43396.0,23852.0,10591.0,4963.0,3494.0,4974.0,1228.0,4478.0,17231.0,421.0,191.0,1.0,1.0,1025.7,1.2,1.0,2.1,5.6,-2.8,29.5,22.1,92.5,64.5,4.4,0.7,178.3,280.2
광주광역시,1095.0,2394.0,43396.0,23852.0,10591.0,4963.0,3494.0,4974.0,1228.0,4478.0,17231.0,421.0,191.0,1.0,2.0,1024.2,0.9,3.0,1.3,8.2,-1.4,35.3,16.2,83.4,60.3,4.7,0.7,173.4,326.2
광주광역시,1095.0,2394.0,43396.0,23852.0,10591.0,4963.0,3494.0,4974.0,1228.0,4478.0,17231.0,421.0,191.0,1.0,3.0,1020.3,1.6,7.9,1.3,14.3,2.8,62.0,33.9,62.3,59.8,6.5,1.1,228.0,494.4
광주광역시,1095.0,2394.0,43396.0,23852.0,10591.0,4963.0,3494.0,4974.0,1228.0,4478.0,17231.0,421.0,191.0,1.0,4.0,1015.5,1.5,13.6,1.5,20.0,8.3,96.1,44.0,77.1,61.2,9.4,1.4,220.3,548.1
광주광역시,1095.0,2394.0,43396.0,23852.0,10591.0,4963.0,3494.0,4974.0,1228.0,4478.0,17231.0,421.0,191.0,1.0,5.0,1011.9,0.8,19.4,0.4,25.7,14.0,77.3,33.7,60.0,63.5,13.8,1.5,249.6,648.0
광주광역시,1095.0,2394.0,43396.0,23852.0,10591.0,4963.0,3494.0,4974.0,1228.0,4478.0,17231.0,421.0,191.0,1.0,6.0,1007.5,0.7,23.1,0.6,28.6,19.1,119.3,57.7,63.0,73.0,20.2,1.5,183.0,549.9
광주광역시,1095.0,2394.0,43396.0,23852.0,10591.0,4963.0,3494.0,4974.0,1228.0,4478.0,17231.0,421.0,191.0,1.0,7.0,1007.3,0.8,26.2,1.4,30.5,23.1,273.5,120.5,97.5,81.9,27.6,2.6,152.6,496.6
광주광역시,1095.0,2394.0,43396.0,23852.0,10591.0,4963.0,3494.0,4974.0,1228.0,4478.0,17231.0,421.0,191.0,1.0,8.0,1007.7,0.9,27.0,1.3,31.5,23.7,323.0,201.2,85.5,79.6,28.0,2.4,185.5,506.2
광주광역시,1095.0,2394.0,43396.0,23852.0,10591.0,4963.0,3494.0,4974.0,1228.0,4478.0,17231.0,421.0,191.0,1.0,9.0,1013.2,0.9,22.2,0.6,27.2,18.3,139.1,80.0,75.4,75.9,20.1,1.8,181.0,451.8
광주광역시,1095.0,2394.0,43396.0,23852.0,10591.0,4963.0,3494.0,4974.0,1228.0,4478.0,17231.0,421.0,191.0,1.0,10.0,1019.4,0.7,16.3,0.9,21.9,11.7,91.9,62.8,50.0,69.5,12.9,1.6,212.5,419.8
광주광역시,1095.0,2394.0,43396.0,23852.0,10591.0,4963.0,3494.0,4974.0,1228.0,4478.0,17231.0,421.0,191.0,1.0,11.0,1022.6,1.4,10.1,1.4,15.2,5.9,62.7,46.0,63.3,68.7,8.8,1.6,170.0,284.1
광주광역시,1095.0,2394.0,43396.0,23852.0,10591.0,4963.0,3494.0,4974.0,1228.0,4478.0,17231.0,421.0,191.0,1.0,12.0,1025.7,1.4,2.9,1.6,7.5,-0.8,37.4,20.7,92.9,66.4,5.2,0.7,163.5,243.3
대전광역시,9435.0,31372.0,25157.0,7021.0,5823.0,11067.0,3376.0,6186.0,2557.0,4932.0,21824.0,67.0,6983.0,2.0,1.0,1025.8,0.9,-1.1,2.2,4.0,-5.6,23.5,23.6,69.7,66.2,3.9,0.7,178.8,284.3
대전광역시,9435.0,31372.0,25157.0,7021.0,5823.0,11067.0,3376.0,6186.0,2557.0,4932.0,21824.0,67.0,6983.0,2.0,2.0,1024.2,1.2,1.3,1.4,7.0,-3.5,40.3,24.7,59.6,60.7,4.2,0.8,182.4,339.1
대전광역시,9435.0,31372.0,25157.0,7021.0,5823.0,11067.0,3376.0,6186.0,2557.0,4932.0,21824.0,67.0,6983.0,2.0,3.0,1020.0,1.5,7.2,1.3,13.4,1.4,45.7,27.9,61.0,57.6,5.9,1.1,233.2,521.8
대전광역시,9435.0,31372.0,25157.0,7021.0,5823.0,11067.0,3376.0,6186.0,2557.0,4932.0,21824.0,67.0,6983.0,2.0,4.0,1015.1,1.7,13.1,1.4,19.5,7.1,87.6,41.7,78.8,59.4,8.7,1.2,228.3,571.1
대전광역시,9435.0,31372.0,25157.0,7021.0,5823.0,11067.0,3376.0,6186.0,2557.0,4932.0,21824.0,67.0,6983.0,2.0,5.0,1011.4,0.8,19.3,0.6,25.5,13.5,70.1,44.9,58.2,62.1,13.4,1.2,264.7,707.5
대전광역시,9435.0,31372.0,25157.0,7021.0,5823.0,11067.0,3376.0,6186.0,2557.0,4932.0,21824.0,67.0,6983.0,2.0,6.0,1007.4,0.7,23.4,0.5,28.6,18.8,136.0,102.7,65.1,70.4,19.8,1.8,222.2,636.0
대전광역시,9435.0,31372.0,25157.0,7021.0,5823.0,11067.0,3376.0,6186.0,2557.0,4932.0,21824.0,67.0,6983.0,2.0,7.0,1007.1,1.0,26.1,1.2,30.0,22.9,318.0,157.6,115.7,82.1,27.5,1.7,170.3,524.4
대전광역시,9435.0,31372.0,25157.0,7021.0,5823.0,11067.0,3376.0,6186.0,2557.0,4932.0,21824.0,67.0,6983.0,2.0,8.0,1007.8,0.9,26.9,1.3,31.2,23.4,252.9,158.8,103.0,79.5,27.8,1.9,198.7,543.3
대전광역시,9435.0,31372.0,25157.0,7021.0,5823.0,11067.0,3376.0,6186.0,2557.0,4932.0,21824.0,67.0,6983.0,2.0,9.0,1013.7,0.9,21.5,0.6,26.3,17.4,141.5,61.5,70.2,77.2,19.6,1.5,193.8,478.0
대전광역시,9435.0,31372.0,25157.0,7021.0,5823.0,11067.0,3376.0,6186.0,2557.0,4932.0,21824.0,67.0,6983.0,2.0,10.0,1019.9,0.8,14.8,1.0,20.8,9.9,79.6,55.4,50.0,74.4,12.6,1.4,217.3,424.9
대전광역시,9435.0,31372.0,25157.0,7021.0,5823.0,11067.0,3376.0,6186.0,2557.0,4932.0,21824.0,67.0,6983.0,2.0,11.0,1022.9,1.6,8.1,1.6,13.6,3.6,62.2,35.1,67.7,72.8,8.2,1.1,161.8,275.9
대전광역시,9435.0,31372.0,25157.0,7021.0,5823.0,11067.0,3376.0,6186.0,2557.0,4932.0,21824.0,67.0,6983.0,2.0,12.0,1026.0,1.7,0.6,1.9,5.6,-3.6,33.8,17.8,76.7,69.6,4.7,0.7,169.5,246.6
울산광역시,4984.666666666667,34617.0,27048.0,26636.0,5262.0,702.0,1555.0,422.0,80.0,3293.0,13895.0,13143.0,24942.0,2.0,1.0,1023.1,0.8,2.2,2.0,7.2,-2.0,43.3,51.7,48.0,48.6,3.8,0.9,210.0,294.8333333333333
울산광역시,4984.666666666667,34617.0,27048.0,26636.0,5262.0,702.0,1555.0,422.0,80.0,3293.0,13895.0,13143.0,24942.0,2.0,2.0,1022.2,1.1,4.1,1.3,9.2,-0.4,42.7,27.0,58.7,53.5,4.7,0.9,188.2,314.73333333333335
울산광역시,4984.666666666667,34617.0,27048.0,26636.0,5262.0,702.0,1555.0,422.0,80.0,3293.0,13895.0,13143.0,24942.0,2.0,3.0,1018.7,1.7,8.8,1.1,14.3,3.8,73.1,44.8,68.0,56.8,6.5,0.9,231.5,475.6666666666667
울산광역시,4984.666666666667,34617.0,27048.0,26636.0,5262.0,702.0,1555.0,422.0,80.0,3293.0,13895.0,13143.0,24942.0,2.0,4.0,1014.6,1.5,13.6,1.1,19.0,8.5,111.1,33.6,81.8,60.7,9.3,1.2,224.3,532.3666666666667
울산광역시,4984.666666666667,34617.0,27048.0,26636.0,5262.0,702.0,1555.0,422.0,80.0,3293.0,13895.0,13143.0,24942.0,2.0,5.0,1011.3,0.8,18.8,0.9,24.3,14.0,74.6,41.9,57.6,63.7,13.4,1.0,242.2,625.7333333333332
울산광역시,4984.666666666667,34617.0,27048.0,26636.0,5262.0,702.0,1555.0,422.0,80.0,3293.0,13895.0,13143.0,24942.0,2.0,6.0,1007.8,0.8,21.7,0.6,26.2,18.0,130.3,89.3,68.6,76.3,19.5,0.9,178.1,476.4666666666667
울산광역시,4984.666666666667,34617.0,27048.0,26636.0,5262.0,702.0,1555.0,422.0,80.0,3293.0,13895.0,13143.0,24942.0,2.0,7.0,1007.5,0.8,25.6,1.6,29.6,22.4,210.6,116.9,88.5,80.6,26.0,1.8,171.2,488.3666666666666
울산광역시,4984.666666666667,34617.0,27048.0,26636.0,5262.0,702.0,1555.0,422.0,80.0,3293.0,13895.0,13143.0,24942.0,2.0,8.0,1008.1,1.3,26.5,1.3,30.7,23.2,181.7,157.5,87.2,79.7,27.2,1.5,203.1,493.0333333333333
울산광역시,4984.666666666667,34617.0,27048.0,26636.0,5262.0,702.0,1555.0,422.0,80.0,3293.0,13895.0,13143.0,24942.0,2.0,9.0,1013.4,1.1,21.6,0.6,25.9,18.2,204.2,114.6,91.5,78.5,20.2,1.7,172.3,426.8333333333333
울산광역시,4984.666666666667,34617.0,27048.0,26636.0,5262.0,702.0,1555.0,422.0,80.0,3293.0,13895.0,13143.0,24942.0,2.0,10.0,1018.8,0.7,16.5,0.8,21.5,12.4,122.7,104.2,54.6,69.6,13.2,1.8,205.9,539.3666666666667
울산광역시,4984.666666666667,34617.0,27048.0,26636.0,5262.0,702.0,1555.0,422.0,80.0,3293.0,13895.0,13143.0,24942.0,2.0,11.0,1021.3,1.6,10.8,1.1,15.9,6.3,51.6,30.1,49.2,62.5,8.5,1.6,184.8,303.6666666666667
울산광역시,4984.666666666667,34617.0,27048.0,26636.0,5262.0,702.0,1555.0,422.0,80.0,3293.0,13895.0,13143.0,24942.0,2.0,12.0,1023.4,1.5,3.9,1.7,8.9,-0.4,32.4,27.3,37.5,51.4,4.6,1.0,203.6,276.6666666666667
경기도,83038.0,164406.0,195182.0,169267.0,33798.0,47042.0,13960.0,34771.0,8670.0,1925.0,107043.0,1897.0,47395.0,1.0,1.0,1025.8,1.1,-2.1,2.4,2.9,-6.7,16.5,17.1,41.8,63.8,3.6,0.8,189.8,251.2
경기도,83038.0,164406.0,195182.0,169267.0,33798.0,47042.0,13960.0,34771.0,8670.0,1925.0,107043.0,1897.0,47395.0,1.0,2.0,1024.2,1.1,0.4,1.5,5.7,-4.5,34.0,19.2,48.8,63.0,4.2,0.9,187.9,303.4
경기도,83038.0,164406.0,195182.0,169267.0,33798.0,47042.0,13960.0,34771.0,8670.0,1925.0,107043.0,1897.0,47395.0,1.0,3.0,1020.0,1.6,6.1,1.4,12.3,0.8,34.7,24.5,42.7,62.9,6.0,0.9,232.7,443.7
경기도,83038.0,164406.0,195182.0,169267.0,33798.0,47042.0,13960.0,34771.0,8670.0,1925.0,107043.0,1897.0,47395.0,1.0,4.0,1015.1,1.7,12.0,1.5,18.4,6.6,85.6,50.3,72.0,64.6,8.8,0.5,222.4,491.8
경기도,83038.0,164406.0,195182.0,169267.0,33798.0,47042.0,13960.0,34771.0,8670.0,1925.0,107043.0,1897.0,47395.0,1.0,5.0,1011.4,0.8,18.1,0.8,24.5,12.5,81.7,62.2,60.5,65.8,13.1,1.4,255.3,593.6
경기도,83038.0,164406.0,195182.0,169267.0,33798.0,47042.0,13960.0,34771.0,8670.0,1925.0,107043.0,1897.0,47395.0,1.0,6.0,1007.4,0.7,22.8,0.7,28.4,18.2,99.2,106.5,62.8,71.4,19.2,1.2,225.5,565.9
경기도,83038.0,164406.0,195182.0,169267.0,33798.0,47042.0,13960.0,34771.0,8670.0,1925.0,107043.0,1897.0,47395.0,1.0,7.0,1006.8,1.1,25.7,0.9,30.0,22.5,406.3,210.0,134.3,81.6,26.5,1.6,145.3,428.0
경기도,83038.0,164406.0,195182.0,169267.0,33798.0,47042.0,13960.0,34771.0,8670.0,1925.0,107043.0,1897.0,47395.0,1.0,8.0,1007.7,0.9,26.7,1.1,31.2,23.3,268.9,183.6,92.5,78.8,27.2,1.8,180.7,443.1
경기도,83038.0,164406.0,195182.0,169267.0,33798.0,47042.0,13960.0,34771.0,8670.0,1925.0,107043.0,1897.0,47395.0,1.0,9.0,1013.7,0.8,21.7,0.6,26.7,17.4,107.7,82.9,66.0,73.7,18.8,1.3,196.2,388.6
경기도,83038.0,164406.0,195182.0,169267.0,33798.0,47042.0,13960.0,34771.0,8670.0,1925.0,107043.0,1897.0,47395.0,1.0,10.0,1019.8,1.0,14.8,1.1,20.9,9.6,65.1,40.5,42.3,71.0,12.0,1.1,223.4,355.3
경기도,83038.0,164406.0,195182.0,169267.0,33798.0,47042.0,13960.0,34771.0,8670.0,1925.0,107043.0,1897.0,47395.0,1.0,11.0,1022.7,1.7,7.7,1.7,12.9,3.0,61.8,28.6,65.4,70.4,7.8,1.2,168.3,236.0
경기도,83038.0,164406.0,195182.0,169267.0,33798.0,47042.0,13960.0,34771.0,8670.0,1925.0,107043.0,1897.0,47395.0,1.0,12.0,1025.8,1.7,-0.3,1.9,4.4,-4.6,32.6,17.7,54.8,65.6,4.2,0.7,179.5,221.0
강원특별자치도,64862.0,15438.0,82273.0,7646.0,5300.0,9299.0,15830.0,1637.0,1079.0,4379.0,16019.0,2467.0,12399.0,1.0,1.0,1022.7,0.9,1.0,2.1,5.4,-2.6,37.5,29.9,36.63333333333333,42.5,3.2,0.7,207.5,276.0
강원특별자치도,64862.0,15438.0,82273.0,7646.0,5300.0,9299.0,15830.0,1637.0,1079.0,4379.0,16019.0,2467.0,12399.0,1.0,2.0,1022.1,1.5,2.4,1.5,6.9,-1.5,56.2,57.8,42.333333333333336,48.7,3.8,0.7,192.2,324.4
강원특별자치도,64862.0,15438.0,82273.0,7646.0,5300.0,9299.0,15830.0,1637.0,1079.0,4379.0,16019.0,2467.0,12399.0,1.0,3.0,1018.2,1.8,7.7,1.3,12.4,3.1,58.1,33.3,58.13333333333333,49.2,5.0,0.7,222.2,459.3
강원특별자치도,64862.0,15438.0,82273.0,7646.0,5300.0,9299.0,15830.0,1637.0,1079.0,4379.0,16019.0,2467.0,12399.0,1.0,4.0,1014.0,1.9,13.0,1.5,17.9,8.2,99.9,47.7,68.49999999999999,51.3,7.2,0.5,220.5,543.2
강원특별자치도,64862.0,15438.0,82273.0,7646.0,5300.0,9299.0,15830.0,1637.0,1079.0,4379.0,16019.0,2467.0,12399.0,1.0,5.0,1010.3,1.1,18.8,1.6,23.7,14.2,55.4,51.2,61.86666666666667,55.1,11.1,1.1,242.3,643.5
강원특별자치도,64862.0,15438.0,82273.0,7646.0,5300.0,9299.0,15830.0,1637.0,1079.0,4379.0,16019.0,2467.0,12399.0,1.0,6.0,1007.6,1.0,21.8,1.1,25.8,18.1,114.6,113.8,62.0,67.7,17.1,1.3,191.6,571.8
강원특별자치도,64862.0,15438.0,82273.0,7646.0,5300.0,9299.0,15830.0,1637.0,1079.0,4379.0,16019.0,2467.0,12399.0,1.0,7.0,1006.9,1.4,25.2,1.6,28.6,22.2,244.8,110.3,89.89999999999999,72.5,22.5,1.4,168.9,505.6
강원특별자치도,64862.0,15438.0,82273.0,7646.0,5300.0,9299.0,15830.0,1637.0,1079.0,4379.0,16019.0,2467.0,12399.0,1.0,8.0,1008.0,1.3,25.8,1.4,29.5,22.7,259.4,125.4,92.89999999999999,73.3,23.9,1.7,171.0,477.7
강원특별자치도,64862.0,15438.0,82273.0,7646.0,5300.0,9299.0,15830.0,1637.0,1079.0,4379.0,16019.0,2467.0,12399.0,1.0,9.0,1014.1,1.2,20.6,0.5,24.7,17.2,218.8,165.7,89.80000000000001,71.3,17.2,1.1,170.3,416.9
강원특별자치도,64862.0,15438.0,82273.0,7646.0,5300.0,9299.0,15830.0,1637.0,1079.0,4379.0,16019.0,2467.0,12399.0,1.0,10.0,1019.2,1.3,15.5,0.7,20.2,11.6,132.5,159.5,67.66666666666667,60.7,10.7,1.2,198.4,369.7
강원특별자치도,64862.0,15438.0,82273.0,7646.0,5300.0,9299.0,15830.0,1637.0,1079.0,4379.0,16019.0,2467.0,12399.0,1.0,11.0,1021.0,2.1,9.8,1.1,14.1,5.9,84.0,101.7,57.06666666666666,52.4,6.7,1.3,180.8,262.0
강원특별자치도,64862.0,15438.0,82273.0,7646.0,5300.0,9299.0,15830.0,1637.0,1079.0,4379.0,16019.0,2467.0,12399.0,1.0,12.0,1022.7,1.7,2.8,1.8,7.2,-0.9,30.1,36.5,36.63333333333333,42.7,3.7,0.6,203.4,257.2
충청북도,81090.0,31713.0,56281.0,15924.0,8489.0,16578.0,14862.0,2113.0,1022.0,4883.0,40451.0,5423.333333333333,21373.0,1.0,1.0,1025.8,1.0,-3.2,2.3,2.5,-8.4,18.1,18.5,68.0,62.8,3.3,0.7,171.0,269.09999999999997
충청북도,81090.0,31713.0,56281.0,15924.0,8489.0,16578.0,14862.0,2113.0,1022.0,4883.0,40451.0,5423.333333333333,21373.0,1.0,2.0,1024.2,1.1,-0.2,1.5,5.9,-5.9,33.9,17.1,66.96666666666667,58.4,3.7,0.7,181.9,307.56666666666666
충청북도,81090.0,31713.0,56281.0,15924.0,8489.0,16578.0,14862.0,2113.0,1022.0,4883.0,40451.0,5423.333333333333,21373.0,1.0,3.0,1019.8,1.5,5.8,1.2,12.6,-0.6,37.3,20.3,48.73333333333333,54.5,5.0,0.8,221.6,473.40000000000003
충청북도,81090.0,31713.0,56281.0,15924.0,8489.0,16578.0,14862.0,2113.0,1022.0,4883.0,40451.0,5423.333333333333,21373.0,1.0,4.0,1015.1,1.6,12.1,1.5,19.1,5.2,81.7,37.0,67.3,54.8,7.4,0.7,217.6,535.1333333333333
충청북도,81090.0,31713.0,56281.0,15924.0,8489.0,16578.0,14862.0,2113.0,1022.0,4883.0,40451.0,5423.333333333333,21373.0,1.0,5.0,1011.3,0.8,18.3,0.4,25.4,11.3,79.8,63.0,62.5,58.3,11.6,1.1,255.7,591.6999999999999
충청북도,81090.0,31713.0,56281.0,15924.0,8489.0,16578.0,14862.0,2113.0,1022.0,4883.0,40451.0,5423.333333333333,21373.0,1.0,6.0,1007.4,0.8,22.9,0.6,28.9,17.5,109.4,123.7,62.33333333333332,63.6,17.0,1.4,220.5,551.1999999999999
충청북도,81090.0,31713.0,56281.0,15924.0,8489.0,16578.0,14862.0,2113.0,1022.0,4883.0,40451.0,5423.333333333333,21373.0,1.0,7.0,1007.1,1.0,25.5,1.1,30.2,21.8,288.6,159.9,101.89999999999999,75.6,24.2,1.6,150.8,467.8666666666666
충청북도,81090.0,31713.0,56281.0,15924.0,8489.0,16578.0,14862.0,2113.0,1022.0,4883.0,40451.0,5423.333333333333,21373.0,1.0,8.0,1008.0,1.0,25.9,1.1,30.9,22.0,253.4,148.6,98.96666666666665,75.3,24.7,1.8,175.9,485.7
충청북도,81090.0,31713.0,56281.0,15924.0,8489.0,16578.0,14862.0,2113.0,1022.0,4883.0,40451.0,5423.333333333333,21373.0,1.0,9.0,1013.9,0.9,20.2,0.7,26.1,15.4,123.5,53.7,65.83333333333333,74.5,17.4,1.5,176.3,516.3666666666667
충청북도,81090.0,31713.0,56281.0,15924.0,8489.0,16578.0,14862.0,2113.0,1022.0,4883.0,40451.0,5423.333333333333,21373.0,1.0,10.0,1020.1,0.9,13.1,1.2,20.2,7.5,63.9,44.7,43.366666666666674,73.3,11.0,1.1,196.7,368.4666666666667
충청북도,81090.0,31713.0,56281.0,15924.0,8489.0,16578.0,14862.0,2113.0,1022.0,4883.0,40451.0,5423.333333333333,21373.0,1.0,11.0,1023.0,1.7,6.4,1.8,12.5,1.1,47.8,25.7,87.89999999999999,70.4,7.0,1.1,146.3,223.0666666666667
충청북도,81090.0,31713.0,56281.0,15924.0,8489.0,16578.0,14862.0,2113.0,1022.0,4883.0,40451.0,5423.333333333333,21373.0,1.0,12.0,1026.0,1.7,-1.7,1.9,3.8,-6.5,30.6,12.6,85.63333333333334,67.1,3.9,0.7,157.6,260.5333333333333
충청남도,37082.0,79386.0,64354.0,10777.0,7933.0,8684.0,14643.0,1259.0,4092.0,46280.0,50861.0,660.0,24201.0,2.0,1.0,1026.2,1.1,-1.7,1.9,3.1,-6.5,20.0,13.5,72.63333333333334,72.9,4.1,0.7,172.3,242.8
충청남도,37082.0,79386.0,64354.0,10777.0,7933.0,8684.0,14643.0,1259.0,4092.0,46280.0,50861.0,660.0,24201.0,2.0,2.0,1024.7,1.1,0.2,1.4,5.5,-4.8,39.9,23.0,53.03333333333333,69.3,4.4,0.8,181.8,305.0
충청남도,37082.0,79386.0,64354.0,10777.0,7933.0,8684.0,14643.0,1259.0,4092.0,46280.0,50861.0,660.0,24201.0,2.0,3.0,1020.6,1.7,5.2,1.2,11.2,-0.6,36.1,20.8,40.13333333333333,69.2,6.2,0.9,232.7,454.7
충청남도,37082.0,79386.0,64354.0,10777.0,7933.0,8684.0,14643.0,1259.0,4092.0,46280.0,50861.0,660.0,24201.0,2.0,4.0,1015.6,1.5,11.0,1.3,17.3,5.0,79.7,37.2,70.2,70.0,9.0,1.2,225.9,501.6
충청남도,37082.0,79386.0,64354.0,10777.0,7933.0,8684.0,14643.0,1259.0,4092.0,46280.0,50861.0,660.0,24201.0,2.0,5.0,1011.8,0.9,17.1,0.5,23.2,11.6,78.1,53.0,59.56666666666666,72.8,13.7,1.0,260.0,598.6
충청남도,37082.0,79386.0,64354.0,10777.0,7933.0,8684.0,14643.0,1259.0,4092.0,46280.0,50861.0,660.0,24201.0,2.0,6.0,1007.8,0.9,21.6,0.7,27.0,17.3,120.4,127.9,62.333333333333336,79.5,20.1,1.3,224.7,541.8
충청남도,37082.0,79386.0,64354.0,10777.0,7933.0,8684.0,14643.0,1259.0,4092.0,46280.0,50861.0,660.0,24201.0,2.0,7.0,1007.2,1.1,24.8,1.0,28.8,21.7,272.8,152.5,104.36666666666667,87.3,27.1,2.6,158.9,436.1
충청남도,37082.0,79386.0,64354.0,10777.0,7933.0,8684.0,14643.0,1259.0,4092.0,46280.0,50861.0,660.0,24201.0,2.0,8.0,1007.9,0.8,25.7,1.1,30.1,22.2,216.8,183.7,93.8,85.7,28.1,2.1,192.1,444.8
충청남도,37082.0,79386.0,64354.0,10777.0,7933.0,8684.0,14643.0,1259.0,4092.0,46280.0,50861.0,660.0,24201.0,2.0,9.0,1013.9,0.9,20.7,0.6,26.0,16.1,113.3,80.5,57.06666666666666,80.6,19.5,1.5,200.9,410.3
충청남도,37082.0,79386.0,64354.0,10777.0,7933.0,8684.0,14643.0,1259.0,4092.0,46280.0,50861.0,660.0,24201.0,2.0,10.0,1020.1,0.9,14.2,1.1,20.4,8.7,66.1,49.7,39.6,76.4,12.4,1.6,223.6,356.8
충청남도,37082.0,79386.0,64354.0,10777.0,7933.0,8684.0,14643.0,1259.0,4092.0,46280.0,50861.0,660.0,24201.0,2.0,11.0,1023.0,1.6,7.8,1.6,13.0,2.9,70.3,43.4,65.7,76.8,8.4,1.2,159.8,224.8
충청남도,37082.0,79386.0,64354.0,10777.0,7933.0,8684.0,14643.0,1259.0,4092.0,46280.0,50861.0,660.0,24201.0,2.0,12.0,1026.1,1.5,0.5,1.7,5.0,-3.9,43.0,24.1,69.03333333333332,74.2,4.9,0.8,162.5,203.7
전라북도,7730.0,150397.0,50109.0,30164.0,15332.0,7846.0,54547.0,9457.0,69.0,26441.0,67650.0,1026.0,67396.0,2.0,1.0,1025.8,1.3,-0.5,2.0,4.0,-4.6,27.6,20.0,79.63333333333333,73.6,4.6,0.7,173.8,269.09999999999997
전라북도,7730.0,150397.0,50109.0,30164.0,15332.0,7846.0,54547.0,9457.0,69.0,26441.0,67650.0,1026.0,67396.0,2.0,2.0,1024.3,0.9,1.5,1.3,6.2,-2.9,38.3,20.4,78.5,70.9,5.0,0.8,177.2,308.1
전라북도,7730.0,150397.0,50109.0,30164.0,15332.0,7846.0,54547.0,9457.0,69.0,26441.0,67650.0,1026.0,67396.0,2.0,3.0,1020.4,1.7,6.1,1.3,11.5,1.2,43.5,30.6,55.333333333333336,73.4,7.0,0.9,227.9,473.3999999999999
전라북도,7730.0,150397.0,50109.0,30164.0,15332.0,7846.0,54547.0,9457.0,69.0,26441.0,67650.0,1026.0,67396.0,2.0,4.0,1015.5,1.5,11.6,1.3,17.2,6.7,92.1,38.9,75.96666666666665,74.8,10.2,1.3,221.8,513.8333333333334
전라북도,7730.0,150397.0,50109.0,30164.0,15332.0,7846.0,54547.0,9457.0,69.0,26441.0,67650.0,1026.0,67396.0,2.0,5.0,1011.8,0.8,17.5,0.4,23.1,12.8,79.5,45.0,59.199999999999996,76.6,15.1,0.9,247.5,596.0
전라북도,7730.0,150397.0,50109.0,30164.0,15332.0,7846.0,54547.0,9457.0,69.0,26441.0,67650.0,1026.0,67396.0,2.0,6.0,1007.5,0.8,21.9,0.6,26.7,18.2,102.5,71.5,61.43333333333334,82.1,21.3,1.6,212.1,403.3
전라북도,7730.0,150397.0,50109.0,30164.0,15332.0,7846.0,54547.0,9457.0,69.0,26441.0,67650.0,1026.0,67396.0,2.0,7.0,1006.9,0.9,25.3,1.2,29.2,22.5,297.8,159.0,101.89999999999999,87.9,28.2,2.1,164.2,467.8666666666666
전라북도,7730.0,150397.0,50109.0,30164.0,15332.0,7846.0,54547.0,9457.0,69.0,26441.0,67650.0,1026.0,67396.0,2.0,8.0,1007.6,0.9,26.2,1.2,30.4,23.1,273.1,235.2,89.5,85.6,28.9,2.0,202.3,503.6666666666667
전라북도,7730.0,150397.0,50109.0,30164.0,15332.0,7846.0,54547.0,9457.0,69.0,26441.0,67650.0,1026.0,67396.0,2.0,9.0,1013.3,0.9,21.2,0.6,26.0,17.5,131.1,51.3,65.83333333333333,81.8,20.6,1.4,197.1,516.3666666666667
전라북도,7730.0,150397.0,50109.0,30164.0,15332.0,7846.0,54547.0,9457.0,69.0,26441.0,67650.0,1026.0,67396.0,2.0,10.0,1019.6,0.8,15.2,1.0,20.5,10.6,68.9,52.1,50.23333333333333,76.9,13.4,1.5,217.2,379.0
전라북도,7730.0,150397.0,50109.0,30164.0,15332.0,7846.0,54547.0,9457.0,69.0,26441.0,67650.0,1026.0,67396.0,2.0,11.0,1022.7,1.6,8.9,1.4,13.6,4.6,71.6,40.0,63.866666666666674,76.2,8.9,1.2,164.8,251.46666666666667
전라북도,7730.0,150397.0,50109.0,30164.0,15332.0,7846.0,54547.0,9457.0,69.0,26441.0,67650.0,1026.0,67396.0,2.0,12.0,1025.8,1.6,1.7,1.8,6.0,-2.2,39.4,18.2,85.63333333333334,73.5,5.3,0.8,160.7,231.20000000000002
전라남도,41353.0,142027.0,50678.0,26732.0,27672.0,1859.0,43283.0,2913.0,2084.0,141703.0,69196.0,7351.0,132120.0,2.0,1.0,1025.5,1.3,1.4,1.7,5.0,-1.7,33.0,27.2,99.4,75.6,5.3,0.7,162.5,249.6
전라남도,41353.0,142027.0,50678.0,26732.0,27672.0,1859.0,43283.0,2913.0,2084.0,141703.0,69196.0,7351.0,132120.0,2.0,2.0,1024.0,1.0,2.7,1.3,6.7,-0.8,33.6,10.2,87.3,74.4,5.7,0.7,160.4,291.7
전라남도,41353.0,142027.0,50678.0,26732.0,27672.0,1859.0,43283.0,2913.0,2084.0,141703.0,69196.0,7351.0,132120.0,2.0,3.0,1020.4,1.6,6.9,1.2,11.6,2.9,66.1,46.5,58.4,73.8,7.5,1.1,217.8,452.6
전라남도,41353.0,142027.0,50678.0,26732.0,27672.0,1859.0,43283.0,2913.0,2084.0,141703.0,69196.0,7351.0,132120.0,2.0,4.0,1015.6,1.5,12.3,1.4,17.0,8.3,102.0,53.6,77.5,75.3,10.8,1.7,219.3,508.1
전라남도,41353.0,142027.0,50678.0,26732.0,27672.0,1859.0,43283.0,2913.0,2084.0,141703.0,69196.0,7351.0,132120.0,2.0,5.0,1012.0,0.9,17.8,0.6,22.6,13.9,90.3,44.0,59.4,77.5,15.6,1.3,239.6,597.4
전라남도,41353.0,142027.0,50678.0,26732.0,27672.0,1859.0,43283.0,2913.0,2084.0,141703.0,69196.0,7351.0,132120.0,2.0,6.0,1007.7,0.8,21.8,0.5,25.7,18.9,121.6,68.1,64.3,84.2,21.8,1.5,186.9,521.2
전라남도,41353.0,142027.0,50678.0,26732.0,27672.0,1859.0,43283.0,2913.0,2084.0,141703.0,69196.0,7351.0,132120.0,2.0,7.0,1007.2,0.9,25.5,1.4,28.7,23.1,205.7,90.3,89.2,88.6,28.8,2.7,167.9,477.7
전라남도,41353.0,142027.0,50678.0,26732.0,27672.0,1859.0,43283.0,2913.0,2084.0,141703.0,69196.0,7351.0,132120.0,2.0,8.0,1007.6,0.8,26.8,1.5,30.4,24.1,194.1,112.8,79.3,85.3,29.7,2.0,206.3,489.7
전라남도,41353.0,142027.0,50678.0,26732.0,27672.0,1859.0,43283.0,2913.0,2084.0,141703.0,69196.0,7351.0,132120.0,2.0,9.0,1013.1,0.9,22.2,0.6,26.2,19.0,150.4,82.7,77.6,81.5,21.7,1.7,194.0,428.7
전라남도,41353.0,142027.0,50678.0,26732.0,27672.0,1859.0,43283.0,2913.0,2084.0,141703.0,69196.0,7351.0,132120.0,2.0,10.0,1019.3,0.7,16.5,0.8,20.9,12.9,87.2,63.2,49.0,75.5,14.4,2.0,209.8,381.9
전라남도,41353.0,142027.0,50678.0,26732.0,27672.0,1859.0,43283.0,2913.0,2084.0,141703.0,69196.0,7351.0,132120.0,2.0,11.0,1022.4,1.5,10.5,1.2,14.5,7.1,64.4,48.0,60.6,74.9,9.8,1.1,159.3,253.7
전라남도,41353.0,142027.0,50678.0,26732.0,27672.0,1859.0,43283.0,2913.0,2084.0,141703.0,69196.0,7351.0,132120.0,2.0,12.0,1025.5,1.5,3.7,1.5,7.3,0.5,45.5,26.3,103.1,73.4,6.1,0.8,146.8,215.5
경상북도,63772.0,90162.0,97268.0,39534.0,6460.0,4500.0,20358.0,5070.0,1497.0,74172.0,67601.0,8272.0,110623.0,1.0,1.0,1023.8,0.8,0.3,2.0,5.9,-4.7,32.2,47.1,40.13333333333333,52.6,3.6,0.8,197.2,272.1
경상북도,63772.0,90162.0,97268.0,39534.0,6460.0,4500.0,20358.0,5070.0,1497.0,74172.0,67601.0,8272.0,110623.0,1.0,2.0,1022.7,1.1,2.3,1.4,8.4,-3.1,30.8,22.7,53.03333333333333,56.7,4.3,0.8,179.1,304.8
경상북도,63772.0,90162.0,97268.0,39534.0,6460.0,4500.0,20358.0,5070.0,1497.0,74172.0,67601.0,8272.0,110623.0,1.0,3.0,1019.0,1.7,7.4,1.2,14.4,1.0,59.7,40.4,64.56666666666666,58.3,5.9,1.0,226.7,441.6
경상북도,63772.0,90162.0,97268.0,39534.0,6460.0,4500.0,20358.0,5070.0,1497.0,74172.0,67601.0,8272.0,110623.0,1.0,4.0,1014.8,1.6,12.7,1.3,19.7,6.0,96.1,30.1,77.10000000000001,60.3,8.4,1.0,218.8,505.8
경상북도,63772.0,90162.0,97268.0,39534.0,6460.0,4500.0,20358.0,5070.0,1497.0,74172.0,67601.0,8272.0,110623.0,1.0,5.0,1011.4,0.8,18.4,0.9,25.7,11.7,55.3,32.3,62.06666666666666,63.5,12.7,1.1,240.0,601.8
경상북도,63772.0,90162.0,97268.0,39534.0,6460.0,4500.0,20358.0,5070.0,1497.0,74172.0,67601.0,8272.0,110623.0,1.0,6.0,1008.0,0.7,21.9,0.8,27.7,17.0,100.6,62.5,52.0,72.6,18.4,1.1,182.1,503.7
경상북도,63772.0,90162.0,97268.0,39534.0,6460.0,4500.0,20358.0,5070.0,1497.0,74172.0,67601.0,8272.0,110623.0,1.0,7.0,1007.7,1.0,25.4,1.6,30.6,21.4,190.1,82.7,89.73333333333333,78.4,24.9,1.8,162.9,476.5
경상북도,63772.0,90162.0,97268.0,39534.0,6460.0,4500.0,20358.0,5070.0,1497.0,74172.0,67601.0,8272.0,110623.0,1.0,8.0,1008.3,1.2,25.9,1.4,31.4,21.9,191.9,138.7,85.06666666666666,79.8,26.1,1.8,180.9,444.4
경상북도,63772.0,90162.0,97268.0,39534.0,6460.0,4500.0,20358.0,5070.0,1497.0,74172.0,67601.0,8272.0,110623.0,1.0,9.0,1013.9,1.1,20.5,0.7,26.2,16.2,194.1,134.6,85.06666666666666,81.3,19.4,1.5,147.5,358.4
경상북도,63772.0,90162.0,97268.0,39534.0,6460.0,4500.0,20358.0,5070.0,1497.0,74172.0,67601.0,8272.0,110623.0,1.0,10.0,1019.3,0.8,14.8,0.9,21.6,9.3,108.2,80.9,57.06666666666666,75.1,12.6,1.6,178.5,330.5
경상북도,63772.0,90162.0,97268.0,39534.0,6460.0,4500.0,20358.0,5070.0,1497.0,74172.0,67601.0,8272.0,110623.0,1.0,11.0,1021.9,1.7,8.7,1.3,15.3,3.0,37.8,30.1,89.66666666666667,67.5,7.8,1.5,161.8,250.0
경상북도,63772.0,90162.0,97268.0,39534.0,6460.0,4500.0,20358.0,5070.0,1497.0,74172.0,67601.0,8272.0,110623.0,1.0,12.0,1024.1,1.6,1.9,1.8,7.7,-3.2,24.4,17.6,39.6,56.3,4.2,0.9,186.2,248.4
경상남도,156018.0,71270.0,90974.0,25710.0,24330.0,20040.0,18372.0,3789.0,2448.0,66348.0,49609.0,66238.0,44546.0,1.0,1.0,1023.6,0.9,2.1,1.8,6.6,-1.8,25.3,33.5,36.5,46.5,3.6,0.7,208.5,282.73333333333335
경상남도,156018.0,71270.0,90974.0,25710.0,24330.0,20040.0,18372.0,3789.0,2448.0,66348.0,49609.0,66238.0,44546.0,1.0,2.0,1022.5,1.0,4.1,1.1,8.9,-0.1,46.6,23.2,43.9,48.6,4.3,0.7,188.9,315.73333333333335
경상남도,156018.0,71270.0,90974.0,25710.0,24330.0,20040.0,18372.0,3789.0,2448.0,66348.0,49609.0,66238.0,44546.0,1.0,3.0,1018.9,1.6,8.8,0.8,14.2,4.1,81.5,53.7,67.3,54.5,6.3,1.0,227.1,517.9666666666667
경상남도,156018.0,71270.0,90974.0,25710.0,24330.0,20040.0,18372.0,3789.0,2448.0,66348.0,49609.0,66238.0,44546.0,1.0,4.0,1014.8,1.4,13.7,1.1,19.2,9.0,141.8,64.7,82.2,58.7,9.2,1.4,222.2,493.1333333333334
경상남도,156018.0,71270.0,90974.0,25710.0,24330.0,20040.0,18372.0,3789.0,2448.0,66348.0,49609.0,66238.0,44546.0,1.0,5.0,1011.5,0.7,18.8,0.7,24.4,14.3,116.0,56.0,68.9,63.7,13.5,1.0,246.9,557.8666666666667
경상남도,156018.0,71270.0,90974.0,25710.0,24330.0,20040.0,18372.0,3789.0,2448.0,66348.0,49609.0,66238.0,44546.0,1.0,6.0,1007.7,0.7,21.9,0.6,26.6,18.5,155.3,98.8,76.3,74.8,19.5,1.1,184.6,473.56666666666666
경상남도,156018.0,71270.0,90974.0,25710.0,24330.0,20040.0,18372.0,3789.0,2448.0,66348.0,49609.0,66238.0,44546.0,1.0,7.0,1007.5,0.7,25.5,1.5,29.5,22.6,256.6,128.5,115.3,82.4,26.8,2.7,164.9,493.3
경상남도,156018.0,71270.0,90974.0,25710.0,24330.0,20040.0,18372.0,3789.0,2448.0,66348.0,49609.0,66238.0,44546.0,1.0,8.0,1007.9,1.2,26.8,1.1,31.1,23.6,225.6,173.7,88.9,78.8,27.5,1.8,194.4,462.0
경상남도,156018.0,71270.0,90974.0,25710.0,24330.0,20040.0,18372.0,3789.0,2448.0,66348.0,49609.0,66238.0,44546.0,1.0,9.0,1013.0,1.0,22.1,0.8,26.5,18.7,189.2,145.9,75.2,74.6,19.8,1.3,166.9,458.3999999999999
경상남도,156018.0,71270.0,90974.0,25710.0,24330.0,20040.0,18372.0,3789.0,2448.0,66348.0,49609.0,66238.0,44546.0,1.0,10.0,1018.6,0.7,16.9,0.9,21.8,13.0,107.2,77.1,48.0,64.9,12.6,1.6,208.6,413.7
경상남도,156018.0,71270.0,90974.0,25710.0,24330.0,20040.0,18372.0,3789.0,2448.0,66348.0,49609.0,66238.0,44546.0,1.0,11.0,1021.5,1.5,10.7,1.2,15.5,6.8,54.5,38.2,43.1,59.5,8.1,1.4,184.7,307.90000000000003
경상남도,156018.0,71270.0,90974.0,25710.0,24330.0,20040.0,18372.0,3789.0,2448.0,66348.0,49609.0,66238.0,44546.0,1.0,12.0,1023.9,1.5,3.7,1.4,8.2,-0.3,36.6,41.9,35.9,49.9,4.3,0.7,201.3,272.43333333333334
제주특별자치도,3606.0,15350.0,876.0,3327.0,7225.333333333333,5577.333333333333,1555.0,3860.6666666666665,108.0,2808.0,615.0,4375.0,10705.333333333334,2.0,1.0,1025.2,1.1,6.0,1.7,8.5,3.7,57.7,39.0,98.7,64.5,6.2,0.8,76.0,187.2
제주특별자치도,3606.0,15350.0,876.0,3327.0,7225.333333333333,5577.333333333333,1555.0,3860.6666666666665,108.0,2808.0,615.0,4375.0,10705.333333333334,2.0,2.0,1023.7,1.1,6.9,1.2,9.9,4.1,61.1,37.4,100.5,64.4,6.6,0.7,106.0,260.0
제주특별자치도,3606.0,15350.0,876.0,3327.0,7225.333333333333,5577.333333333333,1555.0,3860.6666666666665,108.0,2808.0,615.0,4375.0,10705.333333333334,2.0,3.0,1020.3,1.6,10.2,1.1,13.8,7.0,82.9,40.4,71.4,63.6,8.2,1.1,181.9,451.1
제주특별자치도,3606.0,15350.0,876.0,3327.0,7225.333333333333,5577.333333333333,1555.0,3860.6666666666665,108.0,2808.0,615.0,4375.0,10705.333333333334,2.0,4.0,1015.6,1.6,14.6,1.0,18.4,11.3,92.5,43.2,76.7,65.8,11.1,1.4,202.9,538.2
제주특별자치도,3606.0,15350.0,876.0,3327.0,7225.333333333333,5577.333333333333,1555.0,3860.6666666666665,108.0,2808.0,615.0,4375.0,10705.333333333334,2.0,5.0,1012.0,0.9,19.0,0.5,22.9,15.8,77.5,39.3,65.4,68.9,15.0,1.2,224.4,631.8
제주특별자치도,3606.0,15350.0,876.0,3327.0,7225.333333333333,5577.333333333333,1555.0,3860.6666666666665,108.0,2808.0,615.0,4375.0,10705.333333333334,2.0,6.0,1007.7,0.8,22.0,0.3,25.1,19.7,171.8,97.0,101.0,81.6,21.4,1.1,150.5,517.0
제주특별자치도,3606.0,15350.0,876.0,3327.0,7225.333333333333,5577.333333333333,1555.0,3860.6666666666665,108.0,2808.0,615.0,4375.0,10705.333333333334,2.0,7.0,1007.3,0.8,26.7,1.6,29.8,24.2,178.6,159.4,82.1,80.0,27.7,1.6,189.4,572.4
제주특별자치도,3606.0,15350.0,876.0,3327.0,7225.333333333333,5577.333333333333,1555.0,3860.6666666666665,108.0,2808.0,615.0,4375.0,10705.333333333334,2.0,8.0,1007.5,0.9,27.8,1.5,30.7,25.5,280.2,178.4,86.3,77.8,28.8,1.5,203.6,553.6
제주특별자치도,3606.0,15350.0,876.0,3327.0,7225.333333333333,5577.333333333333,1555.0,3860.6666666666665,108.0,2808.0,615.0,4375.0,10705.333333333334,2.0,9.0,1012.8,0.8,23.5,0.7,26.2,21.1,235.0,197.1,101.1,76.0,21.9,1.4,153.2,426.0
제주특별자치도,3606.0,15350.0,876.0,3327.0,7225.333333333333,5577.333333333333,1555.0,3860.6666666666665,108.0,2808.0,615.0,4375.0,10705.333333333334,2.0,10.0,1018.9,0.8,18.9,0.7,21.9,16.3,135.6,109.1,61.2,67.9,15.1,1.8,164.4,377.3
제주특별자치도,3606.0,15350.0,876.0,3327.0,7225.333333333333,5577.333333333333,1555.0,3860.6666666666665,108.0,2808.0,615.0,4375.0,10705.333333333334,2.0,11.0,1022.3,1.4,13.9,1.1,16.9,11.1,85.2,69.7,77.9,67.3,11.0,1.3,117.6,249.6
제주특별자치도,3606.0,15350.0,876.0,3327.0,7225.333333333333,5577.333333333333,1555.0,3860.6666666666665,108.0,2808.0,615.0,4375.0,10705.333333333334,2.0,12.0,1025.2,1.4,8.2,1.2,10.8,5.7,62.6,33.2,120.2,64.7,7.2,0.9,72.8,168.8
